id,description
1,"The Legend of Zelda: Breath of the Wild is a critically acclaimed game that offers a unique blend of gameplay mechanics, narrative depth, and immersive environments. Players experience compelling storylines, innovative world design, and engaging challenges that push the boundaries of interactive storytelling."
2,"God of War (2018) is a critically acclaimed game that offers a unique blend of gameplay mechanics, narrative depth, and immersive environments. Players experience compelling storylines, innovative world design, and engaging challenges that push the boundaries of interactive storytelling."
3,"Red Dead Redemption 2 is a critically acclaimed game that offers a unique blend of gameplay mechanics, narrative depth, and immersive environments. Players experience compelling storylines, innovative world design, and engaging challenges that push the boundaries of interactive storytelling."
4,"The Witcher 3: Wild Hunt is a critically acclaimed game that offers a unique blend of gameplay mechanics, narrative depth, and immersive environments. Players experience compelling storylines, innovative world design, and engaging challenges that push the boundaries of interactive storytelling."
5,"Hollow Knight is a critically acclaimed game that offers a unique blend of gameplay mechanics, narrative depth, and immersive environments. Players experience compelling storylines, innovative world design, and engaging challenges that push the boundaries of interactive storytelling."
6,"Elden Ring is a critically acclaimed game that offers a unique blend of gameplay mechanics, narrative depth, and immersive environments. Players experience compelling storylines, innovative world design, and engaging challenges that push the boundaries of interactive storytelling."
7,"Mass Effect 2 is a critically acclaimed game that offers a unique blend of gameplay mechanics, narrative depth, and immersive environments. Players experience compelling storylines, innovative world design, and engaging challenges that push the boundaries of interactive storytelling."
8,"Persona 5 Royal is a critically acclaimed game that offers a unique blend of gameplay mechanics, narrative depth, and immersive environments. Players experience compelling storylines, innovative world design, and engaging challenges that push the boundaries of interactive storytelling."
9,"Hades is a critically acclaimed game that offers a unique blend of gameplay mechanics, narrative depth, and immersive environments. Players experience compelling storylines, innovative world design, and engaging challenges that push the boundaries of interactive storytelling."
10,"Final Fantasy VII Remake is a critically acclaimed game that offers a unique blend of gameplay mechanics, narrative depth, and immersive environments. Players experience compelling storylines, innovative world design, and engaging challenges that push the boundaries of interactive storytelling."
11,"Ghost of Tsushima is a critically acclaimed game that offers a unique blend of gameplay mechanics, narrative depth, and immersive environments. Players experience compelling storylines, innovative world design, and engaging challenges that push the boundaries of interactive storytelling."
12,"Cyberpunk 2077 is a critically acclaimed game that offers a unique blend of gameplay mechanics, narrative depth, and immersive environments. Players experience compelling storylines, innovative world design, and engaging challenges that push the boundaries of interactive storytelling."
13,"Dark Souls III is a critically acclaimed game that offers a unique blend of gameplay mechanics, narrative depth, and immersive environments. Players experience compelling storylines, innovative world design, and engaging challenges that push the boundaries of interactive storytelling."
14,"Sekiro: Shadows Die Twice is a critically acclaimed game that offers a unique blend of gameplay mechanics, narrative depth, and immersive environments. Players experience compelling storylines, innovative world design, and engaging challenges that push the boundaries of interactive storytelling."
15,"Spider-Man: Miles Morales is a critically acclaimed game that offers a unique blend of gameplay mechanics, narrative depth, and immersive environments. Players experience compelling storylines, innovative world design, and engaging challenges that push the boundaries of interactive storytelling."
16,"Resident Evil Village is a critically acclaimed game that offers a unique blend of gameplay mechanics, narrative depth, and immersive environments. Players experience compelling storylines, innovative world design, and engaging challenges that push the boundaries of interactive storytelling."
17,"Death Stranding is a critically acclaimed game that offers a unique blend of gameplay mechanics, narrative depth, and immersive environments. Players experience compelling storylines, innovative world design, and engaging challenges that push the boundaries of interactive storytelling."
18,"Control is a critically acclaimed game that offers a unique blend of gameplay mechanics, narrative depth, and immersive environments. Players experience compelling storylines, innovative world design, and engaging challenges that push the boundaries of interactive storytelling."
19,"NieR: Automata is a critically acclaimed game that offers a unique blend of gameplay mechanics, narrative depth, and immersive environments. Players experience compelling storylines, innovative world design, and engaging challenges that push the boundaries of interactive storytelling."
20,"Assassin's Creed Valhalla is a critically acclaimed game that offers a unique blend of gameplay mechanics, narrative depth, and immersive environments. Players experience compelling storylines, innovative world design, and engaging challenges that push the boundaries of interactive storytelling."
21,"Dragon Age: Inquisition is a critically acclaimed game that offers a unique blend of gameplay mechanics, narrative depth, and immersive environments. Players experience compelling storylines, innovative world design, and engaging challenges that push the boundaries of interactive storytelling."
22,"Bloodborne is a critically acclaimed game that offers a unique blend of gameplay mechanics, narrative depth, and immersive environments. Players experience compelling storylines, innovative world design, and engaging challenges that push the boundaries of interactive storytelling."
23,"Fire Emblem: Three Houses is a critically acclaimed game that offers a unique blend of gameplay mechanics, narrative depth, and immersive environments. Players experience compelling storylines, innovative world design, and engaging challenges that push the boundaries of interactive storytelling."
24,"The Outer Worlds is a critically acclaimed game that offers a unique blend of gameplay mechanics, narrative depth, and immersive environments. Players experience compelling storylines, innovative world design, and engaging challenges that push the boundaries of interactive storytelling."
25,"Days Gone is a critically acclaimed game that offers a unique blend of gameplay mechanics, narrative depth, and immersive environments. Players experience compelling storylines, innovative world design, and engaging challenges that push the boundaries of interactive storytelling."
26,"Star Wars Jedi: Fallen Order is a critically acclaimed game that offers a unique blend of gameplay mechanics, narrative depth, and immersive environments. Players experience compelling storylines, innovative world design, and engaging challenges that push the boundaries of interactive storytelling."
27,"Marvel's Spider-Man is a critically acclaimed game that offers a unique blend of gameplay mechanics, narrative depth, and immersive environments. Players experience compelling storylines, innovative world design, and engaging challenges that push the boundaries of interactive storytelling."
28,"Returnal is a critically acclaimed game that offers a unique blend of gameplay mechanics, narrative depth, and immersive environments. Players experience compelling storylines, innovative world design, and engaging challenges that push the boundaries of interactive storytelling."
29,"Ratchet & Clank: Rift Apart is a critically acclaimed game that offers a unique blend of gameplay mechanics, narrative depth, and immersive environments. Players experience compelling storylines, innovative world design, and engaging challenges that push the boundaries of interactive storytelling."
30,"Doom Eternal is a critically acclaimed game that offers a unique blend of gameplay mechanics, narrative depth, and immersive environments. Players experience compelling storylines, innovative world design, and engaging challenges that push the boundaries of interactive storytelling."
31,"It Takes Two is a critically acclaimed game that offers a unique blend of gameplay mechanics, narrative depth, and immersive environments. Players experience compelling storylines, innovative world design, and engaging challenges that push the boundaries of interactive storytelling."
32,"A Plague Tale: Requiem is a critically acclaimed game that offers a unique blend of gameplay mechanics, narrative depth, and immersive environments. Players experience compelling storylines, innovative world design, and engaging challenges that push the boundaries of interactive storytelling."
33,"Stray is a critically acclaimed game that offers a unique blend of gameplay mechanics, narrative depth, and immersive environments. Players experience compelling storylines, innovative world design, and engaging challenges that push the boundaries of interactive storytelling."
34,"Detroit: Become Human is a critically acclaimed game that offers a unique blend of gameplay mechanics, narrative depth, and immersive environments. Players experience compelling storylines, innovative world design, and engaging challenges that push the boundaries of interactive storytelling."
35,"Life is Strange: True Colors is a critically acclaimed game that offers a unique blend of gameplay mechanics, narrative depth, and immersive environments. Players experience compelling storylines, innovative world design, and engaging challenges that push the boundaries of interactive storytelling."
36,"Genshin Impact is a critically acclaimed game that offers a unique blend of gameplay mechanics, narrative depth, and immersive environments. Players experience compelling storylines, innovative world design, and engaging challenges that push the boundaries of interactive storytelling."
37,"Monster Hunter: World is a critically acclaimed game that offers a unique blend of gameplay mechanics, narrative depth, and immersive environments. Players experience compelling storylines, innovative world design, and engaging challenges that push the boundaries of interactive storytelling."
38,"Yakuza: Like a Dragon is a critically acclaimed game that offers a unique blend of gameplay mechanics, narrative depth, and immersive environments. Players experience compelling storylines, innovative world design, and engaging challenges that push the boundaries of interactive storytelling."
39,"Baldur's Gate 3 is a critically acclaimed game that offers a unique blend of gameplay mechanics, narrative depth, and immersive environments. Players experience compelling storylines, innovative world design, and engaging challenges that push the boundaries of interactive storytelling."
40,"Alan Wake 2 is a critically acclaimed game that offers a unique blend of gameplay mechanics, narrative depth, and immersive environments. Players experience compelling storylines, innovative world design, and engaging challenges that push the boundaries of interactive storytelling."
41,"Sea of Stars is a critically acclaimed game that offers a unique blend of gameplay mechanics, narrative depth, and immersive environments. Players experience compelling storylines, innovative world design, and engaging challenges that push the boundaries of interactive storytelling."
42,"Octopath Traveler II is a critically acclaimed game that offers a unique blend of gameplay mechanics, narrative depth, and immersive environments. Players experience compelling storylines, innovative world design, and engaging challenges that push the boundaries of interactive storytelling."
43,"Metroid Dread is a critically acclaimed game that offers a unique blend of gameplay mechanics, narrative depth, and immersive environments. Players experience compelling storylines, innovative world design, and engaging challenges that push the boundaries of interactive storytelling."
44,"Xenoblade Chronicles 3 is a critically acclaimed game that offers a unique blend of gameplay mechanics, narrative depth, and immersive environments. Players experience compelling storylines, innovative world design, and engaging challenges that push the boundaries of interactive storytelling."
45,"Call of Duty: Modern Warfare II is a critically acclaimed game that offers a unique blend of gameplay mechanics, narrative depth, and immersive environments. Players experience compelling storylines, innovative world design, and engaging challenges that push the boundaries of interactive storytelling."
46,"Battlefield 2042 is a critically acclaimed game that offers a unique blend of gameplay mechanics, narrative depth, and immersive environments. Players experience compelling storylines, innovative world design, and engaging challenges that push the boundaries of interactive storytelling."
47,"Halo Infinite is a critically acclaimed game that offers a unique blend of gameplay mechanics, narrative depth, and immersive environments. Players experience compelling storylines, innovative world design, and engaging challenges that push the boundaries of interactive storytelling."
48,"Forza Horizon 5 is a critically acclaimed game that offers a unique blend of gameplay mechanics, narrative depth, and immersive environments. Players experience compelling storylines, innovative world design, and engaging challenges that push the boundaries of interactive storytelling."
49,"Gran Turismo 7 is a critically acclaimed game that offers a unique blend of gameplay mechanics, narrative depth, and immersive environments. Players experience compelling storylines, innovative world design, and engaging challenges that push the boundaries of interactive storytelling."
50,"FIFA 23 is a critically acclaimed game that offers a unique blend of gameplay mechanics, narrative depth, and immersive environments. Players experience compelling storylines, innovative world design, and engaging challenges that push the boundaries of interactive storytelling."
51,"NBA 2K24 is a critically acclaimed game that offers a unique blend of gameplay mechanics, narrative depth, and immersive environments. Players experience compelling storylines, innovative world design, and engaging challenges that push the boundaries of interactive storytelling."
52,"Tony Hawk's Pro Skater 1+2 is a critically acclaimed game that offers a unique blend of gameplay mechanics, narrative depth, and immersive environments. Players experience compelling storylines, innovative world design, and engaging challenges that push the boundaries of interactive storytelling."
53,"Skate 4 is a critically acclaimed game that offers a unique blend of gameplay mechanics, narrative depth, and immersive environments. Players experience compelling storylines, innovative world design, and engaging challenges that push the boundaries of interactive storytelling."
54,"The Sims 4 is a critically acclaimed game that offers a unique blend of gameplay mechanics, narrative depth, and immersive environments. Players experience compelling storylines, innovative world design, and engaging challenges that push the boundaries of interactive storytelling."
55,"SimCity (2013) is a critically acclaimed game that offers a unique blend of gameplay mechanics, narrative depth, and immersive environments. Players experience compelling storylines, innovative world design, and engaging challenges that push the boundaries of interactive storytelling."
56,"Cities: Skylines II is a critically acclaimed game that offers a unique blend of gameplay mechanics, narrative depth, and immersive environments. Players experience compelling storylines, innovative world design, and engaging challenges that push the boundaries of interactive storytelling."
57,"Planet Zoo is a critically acclaimed game that offers a unique blend of gameplay mechanics, narrative depth, and immersive environments. Players experience compelling storylines, innovative world design, and engaging challenges that push the boundaries of interactive storytelling."
58,"RollerCoaster Tycoon 3 is a critically acclaimed game that offers a unique blend of gameplay mechanics, narrative depth, and immersive environments. Players experience compelling storylines, innovative world design, and engaging challenges that push the boundaries of interactive storytelling."
59,"Civilization VI is a critically acclaimed game that offers a unique blend of gameplay mechanics, narrative depth, and immersive environments. Players experience compelling storylines, innovative world design, and engaging challenges that push the boundaries of interactive storytelling."
60,"Age of Empires IV is a critically acclaimed game that offers a unique blend of gameplay mechanics, narrative depth, and immersive environments. Players experience compelling storylines, innovative world design, and engaging challenges that push the boundaries of interactive storytelling."
61,"Total War: Warhammer III is a critically acclaimed game that offers a unique blend of gameplay mechanics, narrative depth, and immersive environments. Players experience compelling storylines, innovative world design, and engaging challenges that push the boundaries of interactive storytelling."
62,"Crusader Kings III is a critically acclaimed game that offers a unique blend of gameplay mechanics, narrative depth, and immersive environments. Players experience compelling storylines, innovative world design, and engaging challenges that push the boundaries of interactive storytelling."
63,"Hearts of Iron IV is a critically acclaimed game that offers a unique blend of gameplay mechanics, narrative depth, and immersive environments. Players experience compelling storylines, innovative world design, and engaging challenges that push the boundaries of interactive storytelling."
64,"Stellaris is a critically acclaimed game that offers a unique blend of gameplay mechanics, narrative depth, and immersive environments. Players experience compelling storylines, innovative world design, and engaging challenges that push the boundaries of interactive storytelling."
65,"Europa Universalis IV is a critically acclaimed game that offers a unique blend of gameplay mechanics, narrative depth, and immersive environments. Players experience compelling storylines, innovative world design, and engaging challenges that push the boundaries of interactive storytelling."
66,"Minecraft is a critically acclaimed game that offers a unique blend of gameplay mechanics, narrative depth, and immersive environments. Players experience compelling storylines, innovative world design, and engaging challenges that push the boundaries of interactive storytelling."
67,"Terraria is a critically acclaimed game that offers a unique blend of gameplay mechanics, narrative depth, and immersive environments. Players experience compelling storylines, innovative world design, and engaging challenges that push the boundaries of interactive storytelling."
68,"Stardew Valley is a critically acclaimed game that offers a unique blend of gameplay mechanics, narrative depth, and immersive environments. Players experience compelling storylines, innovative world design, and engaging challenges that push the boundaries of interactive storytelling."
69,"Factorio is a critically acclaimed game that offers a unique blend of gameplay mechanics, narrative depth, and immersive environments. Players experience compelling storylines, innovative world design, and engaging challenges that push the boundaries of interactive storytelling."
70,"Satisfactory is a critically acclaimed game that offers a unique blend of gameplay mechanics, narrative depth, and immersive environments. Players experience compelling storylines, innovative world design, and engaging challenges that push the boundaries of interactive storytelling."
71,"Slay the Spire is a critically acclaimed game that offers a unique blend of gameplay mechanics, narrative depth, and immersive environments. Players experience compelling storylines, innovative world design, and engaging challenges that push the boundaries of interactive storytelling."
72,"Loop Hero is a critically acclaimed game that offers a unique blend of gameplay mechanics, narrative depth, and immersive environments. Players experience compelling storylines, innovative world design, and engaging challenges that push the boundaries of interactive storytelling."
73,"Into the Breach is a critically acclaimed game that offers a unique blend of gameplay mechanics, narrative depth, and immersive environments. Players experience compelling storylines, innovative world design, and engaging challenges that push the boundaries of interactive storytelling."
74,"Dead Cells is a critically acclaimed game that offers a unique blend of gameplay mechanics, narrative depth, and immersive environments. Players experience compelling storylines, innovative world design, and engaging challenges that push the boundaries of interactive storytelling."
75,"Celeste is a critically acclaimed game that offers a unique blend of gameplay mechanics, narrative depth, and immersive environments. Players experience compelling storylines, innovative world design, and engaging challenges that push the boundaries of interactive storytelling."
76,"Undertale is a critically acclaimed game that offers a unique blend of gameplay mechanics, narrative depth, and immersive environments. Players experience compelling storylines, innovative world design, and engaging challenges that push the boundaries of interactive storytelling."
77,"Deltarune is a critically acclaimed game that offers a unique blend of gameplay mechanics, narrative depth, and immersive environments. Players experience compelling storylines, innovative world design, and engaging challenges that push the boundaries of interactive storytelling."
78,"Cuphead is a critically acclaimed game that offers a unique blend of gameplay mechanics, narrative depth, and immersive environments. Players experience compelling storylines, innovative world design, and engaging challenges that push the boundaries of interactive storytelling."
79,"Ori and the Will of the Wisps is a critically acclaimed game that offers a unique blend of gameplay mechanics, narrative depth, and immersive environments. Players experience compelling storylines, innovative world design, and engaging challenges that push the boundaries of interactive storytelling."
80,"Little Nightmares II is a critically acclaimed game that offers a unique blend of gameplay mechanics, narrative depth, and immersive environments. Players experience compelling storylines, innovative world design, and engaging challenges that push the boundaries of interactive storytelling."
81,"Inside is a critically acclaimed game that offers a unique blend of gameplay mechanics, narrative depth, and immersive environments. Players experience compelling storylines, innovative world design, and engaging challenges that push the boundaries of interactive storytelling."
82,"Limbo is a critically acclaimed game that offers a unique blend of gameplay mechanics, narrative depth, and immersive environments. Players experience compelling storylines, innovative world design, and engaging challenges that push the boundaries of interactive storytelling."
83,"Journey is a critically acclaimed game that offers a unique blend of gameplay mechanics, narrative depth, and immersive environments. Players experience compelling storylines, innovative world design, and engaging challenges that push the boundaries of interactive storytelling."
84,"Flower is a critically acclaimed game that offers a unique blend of gameplay mechanics, narrative depth, and immersive environments. Players experience compelling storylines, innovative world design, and engaging challenges that push the boundaries of interactive storytelling."
85,"Abz√ª is a critically acclaimed game that offers a unique blend of gameplay mechanics, narrative depth, and immersive environments. Players experience compelling storylines, innovative world design, and engaging challenges that push the boundaries of interactive storytelling."
86,"Subnautica is a critically acclaimed game that offers a unique blend of gameplay mechanics, narrative depth, and immersive environments. Players experience compelling storylines, innovative world design, and engaging challenges that push the boundaries of interactive storytelling."
87,"No Man's Sky is a critically acclaimed game that offers a unique blend of gameplay mechanics, narrative depth, and immersive environments. Players experience compelling storylines, innovative world design, and engaging challenges that push the boundaries of interactive storytelling."
88,"Outer Wilds is a critically acclaimed game that offers a unique blend of gameplay mechanics, narrative depth, and immersive environments. Players experience compelling storylines, innovative world design, and engaging challenges that push the boundaries of interactive storytelling."
89,"The Witness is a critically acclaimed game that offers a unique blend of gameplay mechanics, narrative depth, and immersive environments. Players experience compelling storylines, innovative world design, and engaging challenges that push the boundaries of interactive storytelling."
90,"Return of the Obra Dinn is a critically acclaimed game that offers a unique blend of gameplay mechanics, narrative depth, and immersive environments. Players experience compelling storylines, innovative world design, and engaging challenges that push the boundaries of interactive storytelling."
91,"Papers, Please is a critically acclaimed game that offers a unique blend of gameplay mechanics, narrative depth, and immersive environments. Players experience compelling storylines, innovative world design, and engaging challenges that push the boundaries of interactive storytelling."
92,"Tunic is a critically acclaimed game that offers a unique blend of gameplay mechanics, narrative depth, and immersive environments. Players experience compelling storylines, innovative world design, and engaging challenges that push the boundaries of interactive storytelling."
93,"Fez is a critically acclaimed game that offers a unique blend of gameplay mechanics, narrative depth, and immersive environments. Players experience compelling storylines, innovative world design, and engaging challenges that push the boundaries of interactive storytelling."
94,"Braid is a critically acclaimed game that offers a unique blend of gameplay mechanics, narrative depth, and immersive environments. Players experience compelling storylines, innovative world design, and engaging challenges that push the boundaries of interactive storytelling."
95,"Superliminal is a critically acclaimed game that offers a unique blend of gameplay mechanics, narrative depth, and immersive environments. Players experience compelling storylines, innovative world design, and engaging challenges that push the boundaries of interactive storytelling."
96,"Portal 2 is a critically acclaimed game that offers a unique blend of gameplay mechanics, narrative depth, and immersive environments. Players experience compelling storylines, innovative world design, and engaging challenges that push the boundaries of interactive storytelling."
97,"Half-Life: Alyx is a critically acclaimed game that offers a unique blend of gameplay mechanics, narrative depth, and immersive environments. Players experience compelling storylines, innovative world design, and engaging challenges that push the boundaries of interactive storytelling."
98,"BioShock Infinite is a critically acclaimed game that offers a unique blend of gameplay mechanics, narrative depth, and immersive environments. Players experience compelling storylines, innovative world design, and engaging challenges that push the boundaries of interactive storytelling."
99,"Dishonored 2 is a critically acclaimed game that offers a unique blend of gameplay mechanics, narrative depth, and immersive environments. Players experience compelling storylines, innovative world design, and engaging challenges that push the boundaries of interactive storytelling."
100,"Prey (2017) is a critically acclaimed game that offers a unique blend of gameplay mechanics, narrative depth, and immersive environments. Players experience compelling storylines, innovative world design, and engaging challenges that push the boundaries of interactive storytelling."
